{"count":1,"self":106.38997119999999,"total":106.55514749999999,"children":{"InitializeActuators":{"count":1,"self":0.0030285,"total":0.0030285,"children":null},"InitializeSensors":{"count":1,"self":0.0015673,"total":0.0015673,"children":null},"AgentSendState":{"count":5063,"self":0.050409699999999995,"total":0.064383799999999991,"children":{"CollectObservations":{"count":1013,"self":0.0050014,"total":0.0050014,"children":null},"WriteActionMask":{"count":1013,"self":0.0039908999999999995,"total":0.0039908999999999995,"children":null},"RequestDecision":{"count":1013,"self":0.0049818,"total":0.0049818,"children":null}}},"DecideAction":{"count":5063,"self":0.041887799999999996,"total":0.041887799999999996,"children":null},"AgentAct":{"count":5063,"self":0.052314799999999995,"total":0.052314799999999995,"children":null}},"gauges":{"My Behavior.CumulativeReward":{"count":3,"max":-1.52999854,"min":-5.190001,"runningAverage":-3.68666577,"value":-1.52999854,"weightedAverage":-4.11562443}},"metadata":{"timer_format_version":"0.1.0","start_time_seconds":"1700063189","unity_version":"2022.3.12f1","command_line_arguments":"C:\\Program Files\\Unity\\Hub\\Editor\\2022.3.12f1\\Editor\\Unity.exe -projectpath C:\\Users\\LENOVO\\Reinforcement Learning -useHub -hubIPC -cloudEnvironment production -licensingIpc LicenseClient-LENOVO -hubSessionId 10642e21-d326-449c-bde4-75e084e7b2d8 -accessToken 48p-NqFY_JtvnwQo7OyOEVwPrUEAQW5bcN_87QVJxjQ011f","communication_protocol_version":"1.5.0","com.unity.ml-agents_version":"2.0.1","scene_name":"SampleScene","end_time_seconds":"1700063296"}}