{
    "name": "root",
    "gauges": {
        "MyAgent.Policy.Entropy.mean": {
            "value": 1.4398242235183716,
            "min": 1.418938398361206,
            "max": 1.4617160558700562,
            "count": 20
        },
        "MyAgent.Policy.Entropy.sum": {
            "value": 71858.75,
            "min": 71685.5859375,
            "max": 73371.8515625,
            "count": 20
        },
        "MyAgent.Step.mean": {
            "value": 999915.0,
            "min": 49921.0,
            "max": 999915.0,
            "count": 20
        },
        "MyAgent.Step.sum": {
            "value": 999915.0,
            "min": 49921.0,
            "max": 999915.0,
            "count": 20
        },
        "MyAgent.Policy.ExtrinsicValueEstimate.mean": {
            "value": 3.892768383026123,
            "min": -0.18775959312915802,
            "max": 4.042294979095459,
            "count": 20
        },
        "MyAgent.Policy.ExtrinsicValueEstimate.sum": {
            "value": 1631.0699462890625,
            "min": -76.41815185546875,
            "max": 1697.763916015625,
            "count": 20
        },
        "MyAgent.Environment.EpisodeLength.mean": {
            "value": 604.3855421686746,
            "min": 604.3855421686746,
            "max": 964.18,
            "count": 20
        },
        "MyAgent.Environment.EpisodeLength.sum": {
            "value": 50164.0,
            "min": 46022.0,
            "max": 52711.0,
            "count": 20
        },
        "MyAgent.Environment.CumulativeReward.mean": {
            "value": 48.19277108433735,
            "min": -38.983050847457626,
            "max": 48.68421052631579,
            "count": 20
        },
        "MyAgent.Environment.CumulativeReward.sum": {
            "value": 4000.0,
            "min": -2300.0,
            "max": 4000.0,
            "count": 20
        },
        "MyAgent.Policy.ExtrinsicReward.mean": {
            "value": 96.3855421686747,
            "min": -77.96610169491525,
            "max": 97.36842105263158,
            "count": 20
        },
        "MyAgent.Policy.ExtrinsicReward.sum": {
            "value": 8000.0,
            "min": -4600.0,
            "max": 8000.0,
            "count": 20
        },
        "MyAgent.IsTraining.mean": {
            "value": 1.0,
            "min": 1.0,
            "max": 1.0,
            "count": 20
        },
        "MyAgent.IsTraining.sum": {
            "value": 1.0,
            "min": 1.0,
            "max": 1.0,
            "count": 20
        },
        "MyAgent.Losses.PolicyLoss.mean": {
            "value": 0.01482756835887105,
            "min": 0.009810450735838257,
            "max": 0.01580951524374541,
            "count": 19
        },
        "MyAgent.Losses.PolicyLoss.sum": {
            "value": 0.01482756835887105,
            "min": 0.009810450735838257,
            "max": 0.01580951524374541,
            "count": 19
        },
        "MyAgent.Losses.ValueLoss.mean": {
            "value": 10.135923736625248,
            "min": 5.742254131370121,
            "max": 100.98241933186848,
            "count": 19
        },
        "MyAgent.Losses.ValueLoss.sum": {
            "value": 10.135923736625248,
            "min": 5.742254131370121,
            "max": 100.98241933186848,
            "count": 19
        },
        "MyAgent.Policy.LearningRate.mean": {
            "value": 4.871809512820005e-05,
            "min": 4.871809512820005e-05,
            "max": 0.0009499510050048997,
            "count": 19
        },
        "MyAgent.Policy.LearningRate.sum": {
            "value": 4.871809512820005e-05,
            "min": 4.871809512820005e-05,
            "max": 0.0009499510050048997,
            "count": 19
        },
        "MyAgent.Policy.Epsilon.mean": {
            "value": 0.10487180000000003,
            "min": 0.10487180000000003,
            "max": 0.19499509999999998,
            "count": 19
        },
        "MyAgent.Policy.Epsilon.sum": {
            "value": 0.10487180000000003,
            "min": 0.10487180000000003,
            "max": 0.19499509999999998,
            "count": 19
        },
        "MyAgent.Policy.Beta.mean": {
            "value": 0.00025310282000000025,
            "min": 0.00025310282000000025,
            "max": 0.004750255489999999,
            "count": 19
        },
        "MyAgent.Policy.Beta.sum": {
            "value": 0.00025310282000000025,
            "min": 0.00025310282000000025,
            "max": 0.004750255489999999,
            "count": 19
        }
    },
    "metadata": {
        "timer_format_version": "0.1.0",
        "start_time_seconds": "1701352603",
        "python_version": "3.7.16 (default, Jan 17 2023, 16:06:28) [MSC v.1916 64 bit (AMD64)]",
        "command_line_arguments": "C:\\Users\\LENOVO\\.conda\\envs\\rl\\Scripts\\mlagents-learn .\\environment.yml --run-id=TrainingFinal2",
        "mlagents_version": "0.28.0",
        "mlagents_envs_version": "0.28.0",
        "communication_protocol_version": "1.5.0",
        "pytorch_version": "1.7.1+cu110",
        "numpy_version": "1.21.6",
        "end_time_seconds": "1701353618"
    },
    "total": 1015.2317194,
    "count": 1,
    "self": 0.01002019999998538,
    "children": {
        "run_training.setup": {
            "total": 0.07725880000000007,
            "count": 1,
            "self": 0.07725880000000007
        },
        "TrainerController.start_learning": {
            "total": 1015.1444404,
            "count": 1,
            "self": 2.628753200005349,
            "children": {
                "TrainerController._reset_env": {
                    "total": 5.6652832,
                    "count": 1,
                    "self": 5.6652832
                },
                "TrainerController.advance": {
                    "total": 1006.7708231999945,
                    "count": 84653,
                    "self": 1.356349299996623,
                    "children": {
                        "env_step": {
                            "total": 1005.4144738999979,
                            "count": 84653,
                            "self": 832.2375831000234,
                            "children": {
                                "SubprocessEnvManager._take_step": {
                                    "total": 171.7847533999904,
                                    "count": 84653,
                                    "self": 6.127458199978548,
                                    "children": {
                                        "TorchPolicy.evaluate": {
                                            "total": 165.65729520001184,
                                            "count": 83396,
                                            "self": 20.471265799991386,
                                            "children": {
                                                "TorchPolicy.sample_actions": {
                                                    "total": 145.18602940002046,
                                                    "count": 83396,
                                                    "self": 145.18602940002046
                                                }
                                            }
                                        }
                                    }
                                },
                                "workers": {
                                    "total": 1.3921373999842181,
                                    "count": 84653,
                                    "self": 0.0,
                                    "children": {
                                        "worker_root": {
                                            "total": 1006.8217379000055,
                                            "count": 84653,
                                            "is_parallel": true,
                                            "self": 492.4928733000162,